Description,Scientific Name,Max Score,Total Score,Query Cover,E value,Per. ident,Acc. Len,Accession  
"Mycobacterium leprae strain MRHRU-235-G chromosome, complete genome",Mycobacterium leprae,26371,26854,100%,0.0,100.00,3187112,"=HYPERLINK(""https://www.ncbi.nlm.nih.gov/nucleotide/CP029543.1?report=genbank&log$=nucltop&blast_rank=1&RID=V0G6801W016"",""CP029543.1"")"
Mycobacterium leprae strain TN complete genome; segment 1/10,Mycobacterium leprae,26312,26312,100%,0.0,99.92,344050,"=HYPERLINK(""https://www.ncbi.nlm.nih.gov/nucleotide/AL583917.1?report=genbank&log$=nucltop&blast_rank=2&RID=V0G6801W016"",""AL583917.1"")"
"Mycobacterium leprae Br4923, complete genome sequence",Mycobacterium leprae Br4923,26308,26758,100%,0.0,99.92,3268071,"=HYPERLINK(""https://www.ncbi.nlm.nih.gov/nucleotide/FM211192.1?report=genbank&log$=nucltop&blast_rank=3&RID=V0G6801W016"",""FM211192.1"")"
"Mycobacterium leprae Kyoto-2 DNA, complete genome",Mycobacterium leprae Kyoto-2,26306,26756,100%,0.0,99.91,3268122,"=HYPERLINK(""https://www.ncbi.nlm.nih.gov/nucleotide/AP014567.1?report=genbank&log$=nucltop&blast_rank=4&RID=V0G6801W016"",""AP014567.1"")"
Mycobacterium leprae cosmid B1770,Mycobacterium leprae,24485,24485,93%,0.0,99.86,37821,"=HYPERLINK(""https://www.ncbi.nlm.nih.gov/nucleotide/Z70722.1?report=genbank&log$=nucltop&blast_rank=5&RID=V0G6801W016"",""Z70722.1"")"
"Mycobacterium haemophilum DSM 44634 strain ATCC 29548 chromosome, complete genome",Mycobacterium haemophilum DSM 44634,11810,11896,87%,0.0,83.91,4235765,"=HYPERLINK(""https://www.ncbi.nlm.nih.gov/nucleotide/CP011883.2?report=genbank&log$=nucltop&blast_rank=6&RID=V0G6801W016"",""CP011883.2"")"
"Mycobacterium lepromatosis strain FJ924 chromosome, complete genome",Mycobacterium lepromatosis,9889,13824,89%,0.0,87.16,3271694,"=HYPERLINK(""https://www.ncbi.nlm.nih.gov/nucleotide/CP083405.1?report=genbank&log$=nucltop&blast_rank=7&RID=V0G6801W016"",""CP083405.1"")"
"Mycobacterium lepromatosis strain NHDP-385 chromosome, complete genome",Mycobacterium lepromatosis,9889,13824,89%,0.0,87.17,3259657,"=HYPERLINK(""https://www.ncbi.nlm.nih.gov/nucleotide/CP155806.1?report=genbank&log$=nucltop&blast_rank=8&RID=V0G6801W016"",""CP155806.1"")"
"Mycobacterium leprae cosmid L222 DNA sequence, 27 CDS features",Mycobacterium leprae,7269,7269,28%,0.0,99.90,40571,"=HYPERLINK(""https://www.ncbi.nlm.nih.gov/nucleotide/L39923.1?report=genbank&log$=nucltop&blast_rank=9&RID=V0G6801W016"",""L39923.1"")"
M.leprae DNA gyrase subunit A gene,Mycobacterium leprae,7042,7042,27%,0.0,99.92,3822,"=HYPERLINK(""https://www.ncbi.nlm.nih.gov/nucleotide/Z68206.1?report=genbank&log$=nucltop&blast_rank=10&RID=V0G6801W016"",""Z68206.1"")"
"Mycobacterium heidelbergense JCM 14842 DNA, nearly complete genome",Mycobacterium heidelbergense,3317,4579,52%,0.0,77.02,5050576,"=HYPERLINK(""https://www.ncbi.nlm.nih.gov/nucleotide/AP022615.1?report=genbank&log$=nucltop&blast_rank=11&RID=V0G6801W016"",""AP022615.1"")"
"Mycobacterium conspicuum JCM 14738 DNA, nearly complete genome",Mycobacterium conspicuum,3214,5705,75%,0.0,76.56,6237139,"=HYPERLINK(""https://www.ncbi.nlm.nih.gov/nucleotide/AP022613.1?report=genbank&log$=nucltop&blast_rank=12&RID=V0G6801W016"",""AP022613.1"")"
"Mycobacterium kubicae strain NJH_MKUB1 chromosome, complete genome",Mycobacterium kubicae,3142,5152,67%,0.0,76.45,5345311,"=HYPERLINK(""https://www.ncbi.nlm.nih.gov/nucleotide/CP045081.1?report=genbank&log$=nucltop&blast_rank=13&RID=V0G6801W016"",""CP045081.1"")"
"Mycobacterium shinjukuense strain DSM 45663 genome assembly, chromosome: Mshi_45663",Mycobacterium shinjukuense,1748,4105,44%,0.0,78.20,4489120,"=HYPERLINK(""https://www.ncbi.nlm.nih.gov/nucleotide/OY970454.1?report=genbank&log$=nucltop&blast_rank=14&RID=V0G6801W016"",""OY970454.1"")"
"Mycobacterium shinjukuense MSJ-06 DNA, complete genome",Mycobacterium shinjukuense,1748,4105,44%,0.0,78.20,4486845,"=HYPERLINK(""https://www.ncbi.nlm.nih.gov/nucleotide/AP038766.1?report=genbank&log$=nucltop&blast_rank=15&RID=V0G6801W016"",""AP038766.1"")"
"Mycobacterium shinjukuense MSJ-16 DNA, complete genome",Mycobacterium shinjukuense,1748,4105,44%,0.0,78.20,4481845,"=HYPERLINK(""https://www.ncbi.nlm.nih.gov/nucleotide/AP038767.1?report=genbank&log$=nucltop&blast_rank=16&RID=V0G6801W016"",""AP038767.1"")"
"Mycobacterium shinjukuense JCM 14233 DNA, complete genome",Mycobacterium shinjukuense,1748,4105,44%,0.0,78.20,4504020,"=HYPERLINK(""https://www.ncbi.nlm.nih.gov/nucleotide/AP022575.1?report=genbank&log$=nucltop&blast_rank=17&RID=V0G6801W016"",""AP022575.1"")"
"Mycobacterium shinjukuense MSJ-04 DNA, complete genome",Mycobacterium shinjukuense,1748,4105,44%,0.0,78.20,4487105,"=HYPERLINK(""https://www.ncbi.nlm.nih.gov/nucleotide/AP038765.1?report=genbank&log$=nucltop&blast_rank=18&RID=V0G6801W016"",""AP038765.1"")"
"Mycobacterium shinjukuense MSJ-20 DNA, complete genome",Mycobacterium shinjukuense,1748,4105,44%,0.0,78.20,4491400,"=HYPERLINK(""https://www.ncbi.nlm.nih.gov/nucleotide/AP038768.1?report=genbank&log$=nucltop&blast_rank=19&RID=V0G6801W016"",""AP038768.1"")"
"Mycobacterium shinjukuense MSJ-01 DNA, complete genome",Mycobacterium shinjukuense,1748,4105,44%,0.0,78.20,4519236,"=HYPERLINK(""https://www.ncbi.nlm.nih.gov/nucleotide/AP038764.1?report=genbank&log$=nucltop&blast_rank=20&RID=V0G6801W016"",""AP038764.1"")"
XXX,Mycobacterium riyadhense,1685,4625,48%,0.0,80.08,209821,"=HYPERLINK(""https://www.ncbi.nlm.nih.gov/nucleotide/LR589061.1?report=genbank&log$=nucltop&blast_rank=21&RID=V0G6801W016"",""LR589061.1"")"
XXX,Mycobacterium riyadhense,1685,4625,48%,0.0,80.08,209821,"=HYPERLINK(""https://www.ncbi.nlm.nih.gov/nucleotide/LR588981.1?report=genbank&log$=nucltop&blast_rank=22&RID=V0G6801W016"",""LR588981.1"")"
"Mycobacterium riyadhense strain DSM 45176 genome assembly, chromosome: Mriy_45176_",Mycobacterium riyadhense,1679,4603,48%,0.0,80.05,6155284,"=HYPERLINK(""https://www.ncbi.nlm.nih.gov/nucleotide/OY970456.1?report=genbank&log$=nucltop&blast_rank=23&RID=V0G6801W016"",""OY970456.1"")"
Mycobacterium riyadhense strain NTM chromosome,Mycobacterium riyadhense,1668,4620,48%,0.0,79.95,6772223,"=HYPERLINK(""https://www.ncbi.nlm.nih.gov/nucleotide/CP045092.1?report=genbank&log$=nucltop&blast_rank=24&RID=V0G6801W016"",""CP045092.1"")"
"MAG: uncultured Mycobacteriaceae bacterium isolate MFD06157-9B.bin.2.1716 genome assembly, chromosome: 1",uncultured Mycobacteriaceae bacterium,1640,3419,35%,0.0,78.24,5608107,"=HYPERLINK(""https://www.ncbi.nlm.nih.gov/nucleotide/OZ375154.1?report=genbank&log$=nucltop&blast_rank=25&RID=V0G6801W016"",""OZ375154.1"")"
Mycobacterium kansasii strain FDAARGOS_1534 chromosome,Mycobacterium kansasii,1626,4049,39%,0.0,79.66,6441829,"=HYPERLINK(""https://www.ncbi.nlm.nih.gov/nucleotide/CP084364.1?report=genbank&log$=nucltop&blast_rank=26&RID=V0G6801W016"",""CP084364.1"")"
"Mycobacterium kansasii strain 5230.03 GyrA (gyrA) gene, complete cds",Mycobacterium kansasii,1626,1626,16%,0.0,79.66,3774,"=HYPERLINK(""https://www.ncbi.nlm.nih.gov/nucleotide/KY934281.1?report=genbank&log$=nucltop&blast_rank=27&RID=V0G6801W016"",""KY934281.1"")"
Mycobacterium kansasii strain 6MK chromosome,Mycobacterium kansasii,1626,4049,39%,0.0,79.74,6462452,"=HYPERLINK(""https://www.ncbi.nlm.nih.gov/nucleotide/CP019885.1?report=genbank&log$=nucltop&blast_rank=28&RID=V0G6801W016"",""CP019885.1"")"
XXX,Mycobacterium kansasii,1626,4049,39%,0.0,79.74,171227,"=HYPERLINK(""https://www.ncbi.nlm.nih.gov/nucleotide/LR589505.1?report=genbank&log$=nucltop&blast_rank=29&RID=V0G6801W016"",""LR589505.1"")"
Mycobacterium kansasii strain FDAARGOS_1616 chromosome,Mycobacterium kansasii,1626,4049,39%,0.0,79.74,6470868,"=HYPERLINK(""https://www.ncbi.nlm.nih.gov/nucleotide/CP089231.1?report=genbank&log$=nucltop&blast_rank=30&RID=V0G6801W016"",""CP089231.1"")"
Mycobacterium kansasii strain 10MK chromosome,Mycobacterium kansasii,1626,4049,39%,0.0,79.66,6421364,"=HYPERLINK(""https://www.ncbi.nlm.nih.gov/nucleotide/CP019886.1?report=genbank&log$=nucltop&blast_rank=31&RID=V0G6801W016"",""CP019886.1"")"
Mycobacterium kansasii ATCC 12478 chromosome,Mycobacterium kansasii ATCC 12478,1626,4049,39%,0.0,79.66,6432295,"=HYPERLINK(""https://www.ncbi.nlm.nih.gov/nucleotide/CP159924.1?report=genbank&log$=nucltop&blast_rank=32&RID=V0G6801W016"",""CP159924.1"")"
"Mycobacterium kansasii strain FDAARGOS_1614 chromosome, complete genome",Mycobacterium kansasii,1626,4049,39%,0.0,79.66,6435496,"=HYPERLINK(""https://www.ncbi.nlm.nih.gov/nucleotide/CP089218.1?report=genbank&log$=nucltop&blast_rank=33&RID=V0G6801W016"",""CP089218.1"")"
XXX,Mycobacterium kansasii,1626,4049,39%,0.0,79.74,171227,"=HYPERLINK(""https://www.ncbi.nlm.nih.gov/nucleotide/LR589283.1?report=genbank&log$=nucltop&blast_rank=34&RID=V0G6801W016"",""LR589283.1"")"
Mycobacterium kansasii strain 1MK chromosome,Mycobacterium kansasii,1626,4049,39%,0.0,79.74,6421275,"=HYPERLINK(""https://www.ncbi.nlm.nih.gov/nucleotide/CP019883.1?report=genbank&log$=nucltop&blast_rank=35&RID=V0G6801W016"",""CP019883.1"")"
Mycobacterium kansasii strain 9MK chromosome,Mycobacterium kansasii,1626,4049,39%,0.0,79.66,6463923,"=HYPERLINK(""https://www.ncbi.nlm.nih.gov/nucleotide/CP019888.1?report=genbank&log$=nucltop&blast_rank=36&RID=V0G6801W016"",""CP019888.1"")"
"Mycobacterium kansasii ATCC 12478 GyrA (gyrA) gene, complete cds",Mycobacterium kansasii ATCC 12478,1626,1626,16%,0.0,79.66,3774,"=HYPERLINK(""https://www.ncbi.nlm.nih.gov/nucleotide/KY934280.1?report=genbank&log$=nucltop&blast_rank=37&RID=V0G6801W016"",""KY934280.1"")"
"Mycobacterium kansasii strain FDAARGOS_1615 chromosome, complete genome",Mycobacterium kansasii,1626,4049,39%,0.0,79.66,6436818,"=HYPERLINK(""https://www.ncbi.nlm.nih.gov/nucleotide/CP089216.1?report=genbank&log$=nucltop&blast_rank=38&RID=V0G6801W016"",""CP089216.1"")"
Mycobacterium kansasii strain Turkey-1 chromosome,Mycobacterium kansasii,1626,4049,39%,0.0,79.66,6432395,"=HYPERLINK(""https://www.ncbi.nlm.nih.gov/nucleotide/CP159988.1?report=genbank&log$=nucltop&blast_rank=39&RID=V0G6801W016"",""CP159988.1"")"
Mycobacterium kansasii strain 4MK chromosome,Mycobacterium kansasii,1626,4049,39%,0.0,79.74,6440784,"=HYPERLINK(""https://www.ncbi.nlm.nih.gov/nucleotide/CP019884.1?report=genbank&log$=nucltop&blast_rank=40&RID=V0G6801W016"",""CP019884.1"")"
Mycobacterium kansasii strain 11MK chromosome,Mycobacterium kansasii,1626,4049,39%,0.0,79.66,6434062,"=HYPERLINK(""https://www.ncbi.nlm.nih.gov/nucleotide/CP019887.1?report=genbank&log$=nucltop&blast_rank=41&RID=V0G6801W016"",""CP019887.1"")"
"Mycobacterium kansasii ATCC 12478, complete genome",Mycobacterium kansasii ATCC 12478,1626,4049,39%,0.0,79.66,6432277,"=HYPERLINK(""https://www.ncbi.nlm.nih.gov/nucleotide/CP006835.1?report=genbank&log$=nucltop&blast_rank=42&RID=V0G6801W016"",""CP006835.1"")"
"Mycobacterium kansasii Kuro-I DNA, complete genome",Mycobacterium kansasii,1618,4034,39%,0.0,79.70,6649596,"=HYPERLINK(""https://www.ncbi.nlm.nih.gov/nucleotide/AP023343.1?report=genbank&log$=nucltop&blast_rank=43&RID=V0G6801W016"",""AP023343.1"")"
"Mycobacterium decipiens strain ATCC TSD-117 genome assembly, chromosome: Mdec_TSD-117",Mycobacterium decipiens,1591,4286,42%,0.0,80.42,5303299,"=HYPERLINK(""https://www.ncbi.nlm.nih.gov/nucleotide/OY970459.1?report=genbank&log$=nucltop&blast_rank=44&RID=V0G6801W016"",""OY970459.1"")"
"Mycobacterium malmoense strain DSM 44163 chromosome, complete genome",Mycobacterium malmoense,1563,1813,21%,0.0,77.02,5319698,"=HYPERLINK(""https://www.ncbi.nlm.nih.gov/nucleotide/CP060015.1?report=genbank&log$=nucltop&blast_rank=45&RID=V0G6801W016"",""CP060015.1"")"
"Mycobacterium malmoense strain ATCC 29571 chromosome, complete genome",Mycobacterium malmoense,1563,1813,21%,0.0,77.02,5319859,"=HYPERLINK(""https://www.ncbi.nlm.nih.gov/nucleotide/CP080999.1?report=genbank&log$=nucltop&blast_rank=46&RID=V0G6801W016"",""CP080999.1"")"
Mycobacterium canettii CIPT 140010059 complete genome,Mycobacterium canettii CIPT 140010059,1557,2917,27%,0.0,80.15,4482059,"=HYPERLINK(""https://www.ncbi.nlm.nih.gov/nucleotide/HE572590.1?report=genbank&log$=nucltop&blast_rank=47&RID=V0G6801W016"",""HE572590.1"")"
Mycobacterium canettii CIPT 140070008 complete genome,Mycobacterium canettii CIPT 140070008,1546,2928,27%,0.0,80.06,4420197,"=HYPERLINK(""https://www.ncbi.nlm.nih.gov/nucleotide/FO203508.1?report=genbank&log$=nucltop&blast_rank=48&RID=V0G6801W016"",""FO203508.1"")"
Mycobacterium canettii CIPT 140060008 complete genome,Mycobacterium canettii CIPT 140060008,1546,2946,28%,0.0,80.05,4432426,"=HYPERLINK(""https://www.ncbi.nlm.nih.gov/nucleotide/FO203507.1?report=genbank&log$=nucltop&blast_rank=49&RID=V0G6801W016"",""FO203507.1"")"
Mycobacterium canettii CIPT 140070010 complete genome,Mycobacterium canettii CIPT 140070010,1541,2884,27%,0.0,80.00,4525948,"=HYPERLINK(""https://www.ncbi.nlm.nih.gov/nucleotide/FO203509.1?report=genbank&log$=nucltop&blast_rank=50&RID=V0G6801W016"",""FO203509.1"")"
"Mycobacterium orygis strain MUHC/MB/EPTB/Orygis/51145 chromosome, complete genome",Mycobacterium orygis,1541,2917,27%,0.0,80.01,4352140,"=HYPERLINK(""https://www.ncbi.nlm.nih.gov/nucleotide/CP063804.2?report=genbank&log$=nucltop&blast_rank=51&RID=V0G6801W016"",""CP063804.2"")"
"Mycobacterium tuberculosis variant bovis strain Mb1855 chromosome, complete genome",Mycobacterium tuberculosis variant bovis,1541,2786,24%,0.0,80.01,4362894,"=HYPERLINK(""https://www.ncbi.nlm.nih.gov/nucleotide/CP096844.1?report=genbank&log$=nucltop&blast_rank=52&RID=V0G6801W016"",""CP096844.1"")"
"Mycobacterium canetti strain ET1291 chromosome, complete genome",Mycobacterium canetti,1541,2917,27%,0.0,80.01,4515631,"=HYPERLINK(""https://www.ncbi.nlm.nih.gov/nucleotide/CP141297.1?report=genbank&log$=nucltop&blast_rank=53&RID=V0G6801W016"",""CP141297.1"")"
"Mycobacterium tuberculosis variant bovis strain Mb3114 chromosome, complete genome",Mycobacterium tuberculosis variant bovis,1541,2786,24%,0.0,80.01,4353147,"=HYPERLINK(""https://www.ncbi.nlm.nih.gov/nucleotide/CP096842.1?report=genbank&log$=nucltop&blast_rank=54&RID=V0G6801W016"",""CP096842.1"")"
"Mycobacterium tuberculosis strain N3913 chromosome, complete genome",Mycobacterium tuberculosis,1541,2791,24%,0.0,80.01,4408017,"=HYPERLINK(""https://www.ncbi.nlm.nih.gov/nucleotide/CP069063.1?report=genbank&log$=nucltop&blast_rank=55&RID=V0G6801W016"",""CP069063.1"")"
"Mycobacterium tuberculosis strain SEA11278P6C4 chromosome, complete genome",Mycobacterium tuberculosis,1541,2917,27%,0.0,80.01,4410029,"=HYPERLINK(""https://www.ncbi.nlm.nih.gov/nucleotide/CP041803.1?report=genbank&log$=nucltop&blast_rank=56&RID=V0G6801W016"",""CP041803.1"")"
"Mycobacterium tuberculosis variant bovis strain Mb3601 genome assembly, chromosome: Mb3601",Mycobacterium tuberculosis variant bovis,1541,2780,24%,0.0,80.01,4365068,"=HYPERLINK(""https://www.ncbi.nlm.nih.gov/nucleotide/LR699570.1?report=genbank&log$=nucltop&blast_rank=57&RID=V0G6801W016"",""LR699570.1"")"
"Mycobacterium tuberculosis variant microti strain Mycobacterium microti Maus IV genome assembly, chromosome: MmicMaus4",Mycobacterium tuberculosis variant microti,1535,2906,27%,0.0,79.96,4385022,"=HYPERLINK(""https://www.ncbi.nlm.nih.gov/nucleotide/LR882497.1?report=genbank&log$=nucltop&blast_rank=58&RID=V0G6801W016"",""LR882497.1"")"
"Mycobacterium tuberculosis variant microti strain Mycobacterium microti ATCC 35782 genome assembly, chromosome: MmicATCC35782",Mycobacterium tuberculosis variant microti,1535,2900,27%,0.0,79.96,4366549,"=HYPERLINK(""https://www.ncbi.nlm.nih.gov/nucleotide/LR882496.1?report=genbank&log$=nucltop&blast_rank=59&RID=V0G6801W016"",""LR882496.1"")"
"Mycobacterium tuberculosis strain N1201 chromosome, complete genome",Mycobacterium tuberculosis,1535,2786,24%,0.0,79.96,4386429,"=HYPERLINK(""https://www.ncbi.nlm.nih.gov/nucleotide/CP069066.1?report=genbank&log$=nucltop&blast_rank=60&RID=V0G6801W016"",""CP069066.1"")"
"Mycobacterium tuberculosis clone 464A GyrA (gyrA) gene, complete cds",Mycobacterium tuberculosis,1535,1535,15%,0.0,79.96,2517,"=HYPERLINK(""https://www.ncbi.nlm.nih.gov/nucleotide/JQ699153.1?report=genbank&log$=nucltop&blast_rank=61&RID=V0G6801W016"",""JQ699153.1"")"
"Mycobacterium tuberculosis strain RW-TB008 chromosome, complete genome",Mycobacterium tuberculosis,1535,2911,27%,0.0,79.96,4379910,"=HYPERLINK(""https://www.ncbi.nlm.nih.gov/nucleotide/CP048071.1?report=genbank&log$=nucltop&blast_rank=62&RID=V0G6801W016"",""CP048071.1"")"
"Mycobacterium tuberculosis variant bovis strain Mb1101 chromosome, complete genome",Mycobacterium tuberculosis variant bovis,1535,2780,24%,0.0,79.96,4343846,"=HYPERLINK(""https://www.ncbi.nlm.nih.gov/nucleotide/CP096845.1?report=genbank&log$=nucltop&blast_rank=63&RID=V0G6801W016"",""CP096845.1"")"
Mycobacterium africanum strain UT307 genome,Mycobacterium tuberculosis variant africanum,1535,2952,28%,0.0,79.96,4493502,"=HYPERLINK(""https://www.ncbi.nlm.nih.gov/nucleotide/CP014617.1?report=genbank&log$=nucltop&blast_rank=64&RID=V0G6801W016"",""CP014617.1"")"
"Mycobacterium tuberculosis strain ITM-2015-00021 chromosome, complete genome",Mycobacterium tuberculosis,1535,2911,27%,0.0,79.96,4381937,"=HYPERLINK(""https://www.ncbi.nlm.nih.gov/nucleotide/CP154612.1?report=genbank&log$=nucltop&blast_rank=65&RID=V0G6801W016"",""CP154612.1"")"
"Mycobacterium tuberculosis strain DS15367 DNA gyrase subunit A (gyrA) gene, complete cds",Mycobacterium tuberculosis,1535,1535,15%,0.0,79.96,2517,"=HYPERLINK(""https://www.ncbi.nlm.nih.gov/nucleotide/KT339509.1?report=genbank&log$=nucltop&blast_rank=66&RID=V0G6801W016"",""KT339509.1"")"
"Mycobacterium tuberculosis strain MTb-Oman-3211198 chromosome, complete genome",Mycobacterium tuberculosis,1535,2952,28%,0.0,79.96,4374181,"=HYPERLINK(""https://www.ncbi.nlm.nih.gov/nucleotide/CP130810.1?report=genbank&log$=nucltop&blast_rank=67&RID=V0G6801W016"",""CP130810.1"")"
"Mycobacterium tuberculosis variant microti strain Mycobacterium microti 94-2272 genome assembly, chromosome: Mmic942272",Mycobacterium tuberculosis variant microti,1535,2906,27%,0.0,79.96,4384561,"=HYPERLINK(""https://www.ncbi.nlm.nih.gov/nucleotide/LR882500.1?report=genbank&log$=nucltop&blast_rank=68&RID=V0G6801W016"",""LR882500.1"")"
"Mycobacterium tuberculosis isolate WBB1457_IB_036-1 genome assembly, chromosome: WBB1457",Mycobacterium tuberculosis,1535,2952,28%,0.0,79.96,4389577,"=HYPERLINK(""https://www.ncbi.nlm.nih.gov/nucleotide/OZ222506.1?report=genbank&log$=nucltop&blast_rank=69&RID=V0G6801W016"",""OZ222506.1"")"
"Mycobacterium tuberculosis strain DS27535 DNA gyrase subunit A (gyrA) gene, complete cds",Mycobacterium tuberculosis,1535,1535,15%,0.0,79.96,2517,"=HYPERLINK(""https://www.ncbi.nlm.nih.gov/nucleotide/KT339443.1?report=genbank&log$=nucltop&blast_rank=70&RID=V0G6801W016"",""KT339443.1"")"
"Mycobacterium tuberculosis variant microti OV254 strain Mycobacterium microti OV254 genome assembly, chromosome: MmicOV254",Mycobacterium tuberculosis variant microti OV254,1535,2906,27%,0.0,79.96,4369915,"=HYPERLINK(""https://www.ncbi.nlm.nih.gov/nucleotide/LR882499.1?report=genbank&log$=nucltop&blast_rank=71&RID=V0G6801W016"",""LR882499.1"")"
"Mycobacterium tuberculosis clone 654A GyrA (gyrA) gene, complete cds",Mycobacterium tuberculosis,1535,1535,15%,0.0,79.96,2517,"=HYPERLINK(""https://www.ncbi.nlm.nih.gov/nucleotide/JQ699118.1?report=genbank&log$=nucltop&blast_rank=72&RID=V0G6801W016"",""JQ699118.1"")"
"Mycobacterium tuberculosis variant bovis strain Mb2377 chromosome, complete genome",Mycobacterium tuberculosis variant bovis,1535,2780,24%,0.0,79.96,4338946,"=HYPERLINK(""https://www.ncbi.nlm.nih.gov/nucleotide/CP096846.1?report=genbank&log$=nucltop&blast_rank=73&RID=V0G6801W016"",""CP096846.1"")"
"Mycobacterium tuberculosis strain MTb-Oman-3212705 chromosome, complete genome",Mycobacterium tuberculosis,1535,2952,28%,0.0,79.96,4346887,"=HYPERLINK(""https://www.ncbi.nlm.nih.gov/nucleotide/CP130799.1?report=genbank&log$=nucltop&blast_rank=74&RID=V0G6801W016"",""CP130799.1"")"
"Mycobacterium orygis strain NIAB_BDWBCSHFL_1 chromosome, complete genome",Mycobacterium orygis,1535,2911,27%,0.0,79.96,4347055,"=HYPERLINK(""https://www.ncbi.nlm.nih.gov/nucleotide/CP138660.1?report=genbank&log$=nucltop&blast_rank=75&RID=V0G6801W016"",""CP138660.1"")"
"Mycobacterium tuberculosis variant microti strain 12 chromosome, complete genome",Mycobacterium tuberculosis variant microti,1533,2898,27%,0.0,79.96,4370115,"=HYPERLINK(""https://www.ncbi.nlm.nih.gov/nucleotide/CP010333.1?report=genbank&log$=nucltop&blast_rank=76&RID=V0G6801W016"",""CP010333.1"")"
Mycobacterium tuberculosis strain 16 chromosome,Mycobacterium tuberculosis,1530,2906,27%,0.0,79.91,4415430,"=HYPERLINK(""https://www.ncbi.nlm.nih.gov/nucleotide/CP158172.1?report=genbank&log$=nucltop&blast_rank=77&RID=V0G6801W016"",""CP158172.1"")"
"Mycobacterium tuberculosis isolate WBB445_ARS7496 genome assembly, chromosome: WBB445",Mycobacterium tuberculosis,1530,2946,28%,0.0,79.91,4410526,"=HYPERLINK(""https://www.ncbi.nlm.nih.gov/nucleotide/OZ222505.1?report=genbank&log$=nucltop&blast_rank=78&RID=V0G6801W016"",""OZ222505.1"")"
"Mycobacterium tuberculosis strain UTB-41 chromosome, complete genome",Mycobacterium tuberculosis,1530,2915,27%,0.0,79.91,4411811,"=HYPERLINK(""https://www.ncbi.nlm.nih.gov/nucleotide/CP200009.1?report=genbank&log$=nucltop&blast_rank=79&RID=V0G6801W016"",""CP200009.1"")"
"Mycobacterium tuberculosis strain 2-0111P6C4 chromosome, complete genome",Mycobacterium tuberculosis,1530,2906,27%,0.0,79.91,4438236,"=HYPERLINK(""https://www.ncbi.nlm.nih.gov/nucleotide/CP180707.1?report=genbank&log$=nucltop&blast_rank=80&RID=V0G6801W016"",""CP180707.1"")"
"Mycobacterium tuberculosis strain UTB-4 chromosome, complete genome",Mycobacterium tuberculosis,1530,2946,28%,0.0,79.91,4411656,"=HYPERLINK(""https://www.ncbi.nlm.nih.gov/nucleotide/CP200024.1?report=genbank&log$=nucltop&blast_rank=81&RID=V0G6801W016"",""CP200024.1"")"
"Mycobacterium tuberculosis strain K60KI044 genome assembly, chromosome: I",Mycobacterium tuberculosis,1530,2906,27%,0.0,79.91,4429135,"=HYPERLINK(""https://www.ncbi.nlm.nih.gov/nucleotide/OZ347329.1?report=genbank&log$=nucltop&blast_rank=82&RID=V0G6801W016"",""OZ347329.1"")"
"Mycobacterium tuberculosis strain UTB-34 chromosome, complete genome",Mycobacterium tuberculosis,1530,2928,28%,0.0,79.91,4411903,"=HYPERLINK(""https://www.ncbi.nlm.nih.gov/nucleotide/CP200010.1?report=genbank&log$=nucltop&blast_rank=83&RID=V0G6801W016"",""CP200010.1"")"
"Mycobacterium tuberculosis isolate WBB1456_11-00225-4 genome assembly, chromosome: WBB1456",Mycobacterium tuberculosis,1530,2946,28%,0.0,79.91,4409920,"=HYPERLINK(""https://www.ncbi.nlm.nih.gov/nucleotide/OZ222402.1?report=genbank&log$=nucltop&blast_rank=84&RID=V0G6801W016"",""OZ222402.1"")"
"Mycobacterium tuberculosis strain UTB-16 chromosome, complete genome",Mycobacterium tuberculosis,1530,2915,27%,0.0,79.91,4411624,"=HYPERLINK(""https://www.ncbi.nlm.nih.gov/nucleotide/CP200018.1?report=genbank&log$=nucltop&blast_rank=85&RID=V0G6801W016"",""CP200018.1"")"
"Mycobacterium tuberculosis strain 6 chromosome, complete genome",Mycobacterium tuberculosis,1530,2906,27%,0.0,79.91,4431145,"=HYPERLINK(""https://www.ncbi.nlm.nih.gov/nucleotide/CP136202.1?report=genbank&log$=nucltop&blast_rank=86&RID=V0G6801W016"",""CP136202.1"")"
"Mycobacterium tuberculosis strain MasanXDR_04 chromosome, complete genome",Mycobacterium tuberculosis,1530,2780,24%,0.0,79.91,4407175,"=HYPERLINK(""https://www.ncbi.nlm.nih.gov/nucleotide/CP189998.1?report=genbank&log$=nucltop&blast_rank=87&RID=V0G6801W016"",""CP189998.1"")"
"Mycobacterium tuberculosis strain K50KI065 genome assembly, chromosome: I",Mycobacterium tuberculosis,1530,2946,28%,0.0,79.91,3621642,"=HYPERLINK(""https://www.ncbi.nlm.nih.gov/nucleotide/OZ347414.1?report=genbank&log$=nucltop&blast_rank=88&RID=V0G6801W016"",""OZ347414.1"")"
"Mycobacterium tuberculosis strain MasanXDR_02 chromosome, complete genome",Mycobacterium tuberculosis,1530,2780,24%,0.0,79.91,4407231,"=HYPERLINK(""https://www.ncbi.nlm.nih.gov/nucleotide/CP190000.1?report=genbank&log$=nucltop&blast_rank=89&RID=V0G6801W016"",""CP190000.1"")"
"Mycobacterium tuberculosis strain CB03 chromosome, complete genome",Mycobacterium tuberculosis,1530,2906,27%,0.0,79.91,4374310,"=HYPERLINK(""https://www.ncbi.nlm.nih.gov/nucleotide/CP159515.1?report=genbank&log$=nucltop&blast_rank=90&RID=V0G6801W016"",""CP159515.1"")"
"Mycobacterium tuberculosis strain UTB-3 chromosome, complete genome",Mycobacterium tuberculosis,1530,2922,28%,0.0,79.91,4411793,"=HYPERLINK(""https://www.ncbi.nlm.nih.gov/nucleotide/CP200025.1?report=genbank&log$=nucltop&blast_rank=91&RID=V0G6801W016"",""CP200025.1"")"
"Mycobacterium tuberculosis strain K30T0790 genome assembly, chromosome: I",Mycobacterium tuberculosis,1530,2900,27%,0.0,79.91,4427585,"=HYPERLINK(""https://www.ncbi.nlm.nih.gov/nucleotide/OZ347306.1?report=genbank&log$=nucltop&blast_rank=92&RID=V0G6801W016"",""OZ347306.1"")"
"Mycobacterium tuberculosis strain UTB-29 chromosome, complete genome",Mycobacterium tuberculosis,1530,2946,28%,0.0,79.91,4456003,"=HYPERLINK(""https://www.ncbi.nlm.nih.gov/nucleotide/CP200011.1?report=genbank&log$=nucltop&blast_rank=93&RID=V0G6801W016"",""CP200011.1"")"
"Mycobacterium tuberculosis strain 2-0026P6C4 chromosome, complete genome",Mycobacterium tuberculosis,1530,2906,27%,0.0,79.91,4438354,"=HYPERLINK(""https://www.ncbi.nlm.nih.gov/nucleotide/CP180708.1?report=genbank&log$=nucltop&blast_rank=94&RID=V0G6801W016"",""CP180708.1"")"
"Mycobacterium tuberculosis strain CB01 chromosome, complete genome",Mycobacterium tuberculosis,1530,2906,27%,0.0,79.91,4370471,"=HYPERLINK(""https://www.ncbi.nlm.nih.gov/nucleotide/CP159786.1?report=genbank&log$=nucltop&blast_rank=95&RID=V0G6801W016"",""CP159786.1"")"
Mycobacterium tuberculosis strain 5 chromosome,Mycobacterium tuberculosis,1530,2906,27%,0.0,79.91,4422517,"=HYPERLINK(""https://www.ncbi.nlm.nih.gov/nucleotide/CP136201.1?report=genbank&log$=nucltop&blast_rank=96&RID=V0G6801W016"",""CP136201.1"")"
"Mycobacterium tuberculosis strain CA02 chromosome, complete genome",Mycobacterium tuberculosis,1530,2906,27%,0.0,79.91,4368694,"=HYPERLINK(""https://www.ncbi.nlm.nih.gov/nucleotide/CP159543.1?report=genbank&log$=nucltop&blast_rank=97&RID=V0G6801W016"",""CP159543.1"")"
"Mycobacterium tuberculosis strain H-20-0024 chromosome, complete genome",Mycobacterium tuberculosis,1530,2952,28%,0.0,79.91,4445477,"=HYPERLINK(""https://www.ncbi.nlm.nih.gov/nucleotide/CP157904.1?report=genbank&log$=nucltop&blast_rank=98&RID=V0G6801W016"",""CP157904.1"")"
"Mycobacterium tuberculosis variant caprae strain SY-1 chromosome, complete genome",Mycobacterium tuberculosis variant caprae,1530,2906,27%,0.0,79.91,4346248,"=HYPERLINK(""https://www.ncbi.nlm.nih.gov/nucleotide/CP189862.1?report=genbank&log$=nucltop&blast_rank=99&RID=V0G6801W016"",""CP189862.1"")"
"Mycobacterium tuberculosis strain K25CTRC1 genome assembly, chromosome: I",Mycobacterium tuberculosis,1530,2906,27%,0.0,79.91,4441718,"=HYPERLINK(""https://www.ncbi.nlm.nih.gov/nucleotide/OZ347326.1?report=genbank&log$=nucltop&blast_rank=100&RID=V0G6801W016"",""OZ347326.1"")"



		


